is_number,part,edition_year,amendment_no,year,notes
IS 269,,2015,1,2023,First Amendment
IS 455,,2015,1,2018,First Amendment
IS 455,,2015,2,2023,Second Amendment
IS 1489,1,2015,1,2018,First Amendment
IS 16415,,2015,1,2023,First Amendment
IS 1786,,2008,1,2012,First Amendment
IS 1786,,2008,2,2013,Second Amendment
IS 1786,,2008,3,2017,Third Amendment
IS 1786,,2008,4,2019,Fourth Amendment
IS 13620,,1993,1,1994,First Amendment
IS 1608,,2005,1,2002,First Amendment
IS 12594,,1988,1,2001,First Amendment
IS 1554,1,1988,1,1994,1st Amendment
IS 1554,1,1988,2,2007,2nd Amendment
IS 1554,1,1988,3,2007,3rd Amendment
IS 1554,1,1988,4,2008,4th Amendment
IS 1554,1,1988,5,2012,5th Amendment
IS 5831,,1984,1,1985,1st Amendment
IS 5831,,1984,2,1995,2nd Amendment
IS 694,,2010,1,2012,
IS 694,,2010,2,2014,
IS 694,,2010,3,2015,
IS 694,,2010,4,2020,
IS 7098,2,2011,1,2015,1st Amendment
IS 7098,2,2011,2,2022,2nd Amendment
IS 7098,3,1993,1,2001,1st Amendment
IS 7098,3,1993,2,2007,2nd Amendment
IS 7098,3,1993,3,2007,3rd Amendment
IS 7098,3,1993,4,2013,4th Amendment
