is_number,part,title,product_group,category,scope_text,keywords,status,superseded_by_is_number,superseded_by_part,source_url,source_note
IS 269,,Ordinary portland cement - Specification (Sixth Revision),Cement,material,Sets requirements for ordinary Portland cement used in general construction. It covers the cement’s required characteristics and the checks used to assess its conformity.,"cement, ordinary Portland, OPC, general construction, cement grade, cement specification",current,,,https://standards.bis.gov.in/website/know-your-standards?searchTerm=IS%2520269%253A2015,"BIS Know Your Standard, 27-09-2026"
IS 455,,Portland slag cement - Specification (fifth revision),Cement,material,Covers Portland slag cement made with granulated blast-furnace slag. It specifies product requirements and the tests used to assess the cement.,"cement, Portland slag, PSC, granulated slag, blended cement, cement specification",current,,,https://standards.bis.gov.in/website/know-your-standards?searchTerm=IS%2520455%253A2015,"BIS Know Your Standard, 27-09-2026"
IS 1489,1,Portland Pozzolana Cement - Specification: Part 1 fly Ash Based (Fourth Revision),Cement,material,Covers Portland pozzolana cement made with fly ash. It sets requirements for the product and tests used to check its conformity.,"cement, Portland pozzolana, fly ash, PPC, blended cement, cement specification",current,,,https://standards.bis.gov.in/website/know-your-standards?searchTerm=IS%25201489%2520(Part%25201)%253A2015,"BIS Know Your Standard, 27-09-2026"
IS 1489,2,Portland Pozzolana Cement - Specification: Part 2 Calcined Clay Based (Fourth Revision),Cement,material,Covers Portland pozzolana cement made with calcined clay. It sets requirements for the product and tests used to check its conformity.,"cement, Portland pozzolana, calcined clay, PPC, pozzolana, cement specification",current,,,https://standards.bis.gov.in/website/know-your-standards?searchTerm=IS%25201489%2520(Part%25202)%253A2015,"BIS Know Your Standard, 27-09-2026"
IS 16415,,Composite Cement - Specification,Cement,material,Specifies composite cement and the product requirements used to judge its conformity. The BIS record identifies this as a product specification for cement.,"cement, composite cement, blended cement, clinker, supplementary cementitious material, cement specification",current,,,https://standards.bis.gov.in/website/know-your-standards?searchTerm=IS%252016415%253A2015,"BIS Know Your Standard, 27-09-2026"
IS 4031,1,Methods of Physical Tests for Hydraulic Cement: Part 1 Determination of Fineness by Dry Sieving (Second Revision),Cement,test method,Describes the physical test procedure for determining hydraulic cement fineness by dry sieving. The method gives a consistent measure of fineness for comparing cement samples.,"cement fineness, dry sieving, sieve test, hydraulic cement, physical test",current,,,https://standards.bis.gov.in/website/know-your-standards?searchTerm=IS%25204031%2520(Part%25201)%253A1996,"BIS Know Your Standard, 27-09-2026"
IS 4031,2,Methods of Physical Tests for Hydraulic Cement: Part 2 Determination of fineness by Blaine air permeability method (Second Revision),Cement,test method,Describes how to determine hydraulic cement fineness using the Blaine air-permeability method. It provides a repeatable physical test for assessing cement fineness.,"cement fineness, Blaine test, air permeability, hydraulic cement, physical test",current,,,https://standards.bis.gov.in/website/know-your-standards?searchTerm=IS%25204031%2520(Part%25202)%253A1999,"BIS Know Your Standard, 27-09-2026"
IS 4031,3,Methods of Physical Tests for Hydraulic Cement: Part 3 Determination of Soundness (First Revision),Cement,test method,Describes the physical test procedure for determining the soundness of hydraulic cement. The procedure supports a consistent assessment of this physical property.,"cement soundness, hydraulic cement, soundness test, physical test, cement testing",current,,,https://standards.bis.gov.in/website/know-your-standards?searchTerm=IS%25204031%2520(Part%25203)%253A1988,"BIS Know Your Standard, 27-09-2026"
IS 3535,,Methods of Sampling Hydraulic Cement (First revision),Cement,test method,Describes sampling methods for hydraulic cement so that a sample can be taken for testing. The guidance is intended to provide a representative sample for subsequent checks.,"cement sampling, hydraulic cement, sample collection, cement testing, sampling method",current,,,https://standards.bis.gov.in/website/know-your-standards?searchTerm=IS%25203535%253A1986,"BIS Know Your Standard, 27-09-2026"
IS 650,,Standard sand for testing cement - Specification (Second Revision),Cement,material,Specifies standard sand used in cement testing. It supports consistent preparation and testing of cement mortar specimens. Standardized sand helps make test results comparable.,"standard sand, cement testing, cement mortar, laboratory sand, mortar test",current,,,https://standards.bis.gov.in/website/know-your-standards?searchTerm=IS%2520650%253A1991,"BIS Know Your Standard, 27-09-2026"
IS 1786,,High Strength Deformed Steel Bars and Wires for Concrete Reinforcement - Specification (Fourth Revision),Steel,material,Covers high-strength deformed steel bars and wires used to reinforce concrete. It sets the product requirements and specification framework for reinforcement steel supplied for concrete work.,"TMT bars, high strength deformed bars, reinforcement steel, concrete reinforcement, steel wires, rebar specification",current,,,https://standards.bis.gov.in/website/standard-details?encryptedId=eyJpdiI6ImlWZUM5TXdDb3ZlQ3MwNG1vSXZjZWc9PSIsInZhbHVlIjoic3IzVUFiVndXQ3h0bUlWS0dhb2pXQT09IiwibWFjIjoiMTJkMmVlYjg1MWE0MDA5NGUzN2NiNzE1YjMxYjk5MWM1ZDVhOWJkYmU1OTc5OGU2OGUxMTg5MWJiOTNiMzJmNyIsInRhZyI6IiJ9&standardNumber=IS%201786:2008,"BIS Know Your Standard, 27-09-2026"
IS 16651,,High Strength Deformed Stainless Steel Bars and Wires for Concrete Reinforcement - Specification,Steel,material,Specifies high-strength deformed stainless-steel bars and wires intended for concrete reinforcement. It provides the product specification for stainless reinforcement where corrosion resistance and reinforcement performance are required.,"stainless steel rebar, stainless reinforcement bars, high strength steel wires, concrete reinforcement, corrosion resistant rebar, deformed bars",current,,,https://standards.bis.gov.in/website/standard-details?encryptedId=eyJpdiI6IlVDUzFCTStqNlJXWG1yRS9LV2ZnVmc9PSIsInZhbHVlIjoiQml4Tm5UejdtM1dYenZ2aEU2VnF1Zz09IiwibWFjIjoiMzg4MTJjNDM0MmQ5ZGNmNjMwMmVkMTk1ZmI0OTY5ZTU5MDQ5MGZlODQxMWVkYzU4NjFiYjc1MDllNDdkYjdkZSIsInRhZyI6IiJ9&standardNumber=IS%2016651:2017,"BIS Know Your Standard, 27-09-2026"
IS 19068,,Continuous hot-dip galvanized steel bars for concrete reinforcement - Specification,Steel,material,Specifies continuously hot-dip galvanized steel bars intended for concrete reinforcement. The specification addresses this coated reinforcement product for use where a zinc coating is part of the corrosion-protection approach.,"galvanized steel bars, hot dip galvanized rebar, zinc coated reinforcement, concrete reinforcement bars, corrosion protection, TMT coating",current,,,https://standards.bis.gov.in/website/standard-details?encryptedId=eyJpdiI6ImI1QXRtV1ZKeHJRcGZac21CdStJS3c9PSIsInZhbHVlIjoicGUwWFEyRnlqNUs3bVFIN3lMQnltdz09IiwibWFjIjoiZTBlNTc5NzVhMzlmNjE1NmExMjRmZDdjYWU1OTgzMGFjNmMxYmM1MjQ4YWExNTY0ZWQxYzdkNjUwYjVjZjE3ZCIsInRhZyI6IiJ9&standardNumber=IS%2019068:2025,"BIS Know Your Standard, 27-09-2026"
IS 16172,,Reinforcement Couplers for Mechanical Splices of Steel Bars in Concrete - Specification (First Revision),Steel,material,"Covers couplers used to make mechanical splices between steel reinforcement bars in concrete. It specifies the reinforcement-coupler product rather than the bar itself, supporting continuity of reinforcing steel in concrete construction.","rebar couplers, reinforcement couplers, mechanical splice, steel bar coupler, concrete rebar connection, TMT bar splice",current,,,https://standards.bis.gov.in/website/standard-details?encryptedId=eyJpdiI6IlVCVmVqL2kzWmFnWWhjSGJGMGY5N3c9PSIsInZhbHVlIjoiVlJmeHlPUUhyUVJyNm5sZEQ1MTVhdz09IiwibWFjIjoiNzY2ZTEyMjI3ZjA0ZGNkMzJiZmRkZmQ3OGQwNjEwOGNkZDgwMTY5OGRjYmI0ZjJhMjNmZWRkY2NkNzU3MWI2OSIsInRhZyI6IiJ9&standardNumber=IS%2016172:2023,"BIS Know Your Standard, 27-09-2026"
IS 13620,,Fusion Bonded Epoxy Coated Reinforcing Bars - Specification,Steel,material,"Specifies reinforcing bars with a fusion-bonded epoxy coating for use in concrete reinforcement. It sets the product specification for this coated bar type, including the coating-focused requirements presented by the BIS record.","epoxy coated rebar, fusion bonded coating, corrosion resistant reinforcement, concrete reinforcing bars, coated steel bars, rebar specification",current,,,https://standards.bis.gov.in/website/standard-details?encryptedId=eyJpdiI6IlBPdDR5MVN5VXVIakdjeFlHOGxpWXc9PSIsInZhbHVlIjoiQWR1dWFsZWZodEl1aDh6NmVpSURIZz09IiwibWFjIjoiMTMwNjA4MGYyN2VlMzI1YzEyNTZkMWI2ZmMyZDUwODczYTNjYzFlYWVlNzBhY2QyYjcwODZhMzg2N2FkNTU5ZSIsInRhZyI6IiJ9&standardNumber=IS%2013620:1993,"BIS Know Your Standard, 27-09-2026"
IS 1608,,Mechanical testing of metals - Tensile Testing,Steel,test method,Describes tensile testing of metal specimens to obtain mechanical test results. It is used as a test-method reference for evaluating steel and reinforcement products.,"tensile test, steel tensile strength, mechanical testing, rebar tensile test, yield strength test, elongation test",superseded,IS 1608,1,https://standards.bis.gov.in/website/standard-details?encryptedId=eyJpdiI6IjVxRWpBdS9JaFNkVGtZL1Y3a0pPUHc9PSIsInZhbHVlIjoiRWpFaStMbWdIc21uRGRjcTh5QVFKdz09IiwibWFjIjoiNWI2MmY2YjhlNTZhMmVmMmE4YmNlMjllOGQxNzM4NDcyOWM2MzU3ZDMyZjcyN2VhNDJjYzYwZTVjNzU4YTg5NCIsInRhZyI6IiJ9&standardNumber=IS%201608:2005,"BIS Know Your Standard, 27-09-2026 | BIS shows IS 1608:2005 and 1608:1998 as Withdrawn (single-document editions, pre-split into parts)."
IS 12594,,Hot - Dip Zinc Coating on Structural Steel Bars for Concrete Reinforcement - Specification,Steel,material,Specifies hot-dip zinc coating requirements for structural steel bars used as concrete reinforcement. It provides a coating specification relevant to galvanized reinforcement bars.,"hot dip zinc coating, galvanized rebar, zinc coated steel bars, reinforcement coating, structural steel coating, corrosion protection",current,,,https://standards.bis.gov.in/website/standard-details?encryptedId=eyJpdiI6ImZCNW9IaFZlUGVrUC8rTDYwdXVabEE9PSIsInZhbHVlIjoiK3BJVzIxV3R3eGdObUZ2TFB5ZHRKZz09IiwibWFjIjoiYzhhMzEwNjllMGI3ZjIzYTdhNGY3YjFmZjE1MTQxODNiMzI0MDE2NGYzZmZhYTBjZTgzOTI3YzU3N2JiNGFmYiIsInRhZyI6IiJ9&standardNumber=IS%2012594:1988,"BIS Know Your Standard, 27-09-2026"
IS 4905,,Random sampling and randomization procedures (First Revision),Steel,test method,Describes random sampling and randomization procedures for obtaining representative selections. It can support sampling plans used when checking steel reinforcement or coupler lots.,"random sampling, steel lot sampling, rebar sampling, quality inspection, sample selection, randomization procedure",current,,,https://standards.bis.gov.in/website/standard-details?encryptedId=eyJpdiI6IllhK2RPb1pOZWs3eTkzSDVIYUxKY2c9PSIsInZhbHVlIjoiSDNnanhRSzBYSkVrT0MyOWRZVXY1dz09IiwibWFjIjoiYzU4ZTZiYmNlNDAzZGRhZDY5OWE0YmM4Y2U4MjI1NGY2OGMzYTRhMjg4MGYwY2Y3ODgyZmNiYzFlMTAxYmUyNSIsInRhZyI6IiJ9&standardNumber=IS%204905:2015,"BIS Know Your Standard, 27-09-2026"
IS 6885,,Method for Knoop hardness testing of metals,Steel,test method,Describes the Knoop hardness test method for metals. It is a materials-testing reference used alongside product specifications when hardness measurement is required.,"Knoop hardness test, metal hardness, steel hardness testing, microhardness test, hardness measurement, materials test method",superseded,IS 6885,1,https://standards.bis.gov.in/website/standard-details?encryptedId=eyJpdiI6IlJNRkQ1WDM1OUE4enB5WEw4dHpuZ3c9PSIsInZhbHVlIjoiVVFtZkpLMlRCU2xQem44ekNady9YQT09IiwibWFjIjoiOTZjMmZiODY3MGIyYjk3MjA0MzlmNmY0MmIzZDMyNmRjOWE0YmY2NGNmN2FkNDA4N2M2ZGU4NWQ0MGUxZmU2OSIsInRhZyI6IiJ9&standardNumber=IS%206885:1973,"BIS Know Your Standard, 27-09-2026 | BIS page shows this 1973 edition as Withdrawn, Superseded by IS 6885 Part 1 to 4:2011."
IS 1139,,"Specification for Hot rolled mild steel, medium tensile steel and high yield strength steel deformed bars for concrete reinforcements",Steel,material,"Covered hot-rolled mild, medium-tensile and high-yield-strength deformed bars for concrete reinforcement. The BIS record identifies this specification as withdrawn and superseded by IS 1786.","hot rolled bars, deformed steel bars, mild steel reinforcement, medium tensile steel, high yield strength bars, concrete rebar",superseded,IS 1786,,https://standards.bis.gov.in/website/standard-details?encryptedId=eyJpdiI6IitIbWJFMCtqcTk1YnJySEY4Nm5Cd2c9PSIsInZhbHVlIjoiUEp0SnNoVWFPQUVZcWVCRDBZOXFMdz09IiwibWFjIjoiZGJjOWNkNTM4NmZjNmJiNmMxNzFkZGE4MGNmNDA3NjVmODU0NzEwNjQ0YTdkOWFkYWM5MzA0NDRhNWE1YzM1NSIsInRhZyI6IiJ9&standardNumber=IS%201139:1966,"BIS Know Your Standard, 27-09-2026"
IS 694,,Polyvinyl chloride insulated unsheathed and sheathed cables/cords with rigid and flexible conductor for rated voltages up to and including 1 100 V (Fourth Revision),Cables,material,Covers PVC insulated unsheathed and sheathed cables and cords with rigid or flexible conductors for low-voltage service. It sets the product requirements for cables rated up to 1 100 V.,"PVC cable, insulated cable, sheathed cable, unsheathed cable, flexible conductor",current,,,https://standards.bis.gov.in/website/standard-details?encryptedId=eyJpdiI6Im9NbWFNL0ZjZ25YZ2x2OStBZDh6cUE9PSIsInZhbHVlIjoiNUI2VWw4MjBGdkRPSitwNFIrczVoQT09IiwibWFjIjoiOGQ2N2Q1ZjQzOGUyYzc0YjE3MDc1NDNiMzUzZGI3NWUxMTM3N2MxZjBiMDcwZmRkMGU4ZWJmNzg0Zjk0NTZjZSIsInRhZyI6IiJ9&standardNumber=IS%20694:2010,"BIS Know Your Standard, 27-09-2026"
IS 1554,1,Specification for PVC insulated (Heavy Duty) electric cables: Part 1 for working voltages up to and including 1 100 V (Third Revision),Cables,material,Specifies heavy-duty PVC insulated electric cables for working voltages up to 1 100 V. It addresses cable construction and performance for this low-voltage range.,"PVC heavy duty cable, electric cable, 1100 V cable, insulated cable, power cable",current,,,https://standards.bis.gov.in/website/standard-details?encryptedId=eyJpdiI6IllNZ0VpNlhjS2dxclAxQk8xMGhoMkE9PSIsInZhbHVlIjoiTFJhaW5jcHVXODgzbHZmdEFleXlzZz09IiwibWFjIjoiMDdjZDY1OGZjZjI0NjYwMjY2YzUyNzUwZjcxYmI5MDI3ZjFiN2EzZjEwMzc4MTVkNDk2MTJlZGY0NzkzYTY5OSIsInRhZyI6IiJ9,"BIS Know Your Standard, 27-09-2026"
IS 7098,1,Crosslinked Polyethylene Insulated Thermoplastic Sheathed Cables - Specification Part 1 For Working Voltages up to and Including 1 100 Volts (Second Revision),Cables,material,Specifies XLPE-insulated cables with thermoplastic sheaths for working voltages up to 1 100 V. It covers the low-voltage cable product requirements in this part.,"XLPE cable, thermoplastic sheath, low voltage cable, 1100 V, power cable",current,,,https://standards.bis.gov.in/website/standard-details?encryptedId=eyJpdiI6IkRhSyt2ZmFaRWtMNHptbERJNXNnYlE9PSIsInZhbHVlIjoiL1g5THcrRHRFRUJlYTlEOTlHRGY3dz09IiwibWFjIjoiMWQ1M2JhNWNmOThjMTVjYjBhMTgxYWIyNmE0N2Y0ODNlNTY5MWFhNDc3YWYyYzYyMmNkOTNmMDYzNGY3NTJkZCIsInRhZyI6IiJ9,"BIS Know Your Standard, 27-09-2026"
IS 7098,2,Crosslinked polyethylene insulated thermoplastic sheathed cables - Specification: Part 2 for working voltages from 3.3 kV up to and including 33 kV (Second Revision),Cables,material,"Specifies XLPE-insulated, thermoplastic-sheathed cables for working voltages from 3.3 kV through 33 kV. It covers medium-voltage cable construction and performance requirements.","XLPE cable, medium voltage cable, 33 kV cable, thermoplastic sheath, power cable",current,,,https://standards.bis.gov.in/website/standard-details?encryptedId=eyJpdiI6IndZLzVTTzMvdEJWMGl2Z2NWTFpjVFE9PSIsInZhbHVlIjoiM2xqV2dUb0JyMHk5bFNLL3dnN0tpdz09IiwibWFjIjoiMzdlOWViMzM3ZTdiZDVlNDYwZmEyNTc4ZGZlZjM3YzY4YjgyMzJhYTAxM2Q3OTFlMjAxMWEyNWM3YWFmNjU3ZCIsInRhZyI6IiJ9,"BIS Know Your Standard, 27-09-2026"
IS 7098,3,Cross - Linked polyethylene insulated thermoplastic sheathed cables - Specification: Part 3 for working voltages from 66 kV up to and including 220 kV,Cables,material,"Specifies XLPE-insulated, thermoplastic-sheathed cables for working voltages from 66 kV through 220 kV. It addresses the product requirements for these high-voltage cables.","XLPE cable, high voltage cable, 220 kV cable, thermoplastic sheath, power cable",current,,,https://standards.bis.gov.in/website/standard-details?encryptedId=eyJpdiI6IndQRXQ2Um9OSjhPcFlGNjNjT0FtVlE9PSIsInZhbHVlIjoiM3RBZThLRHRxaUdUd0h4Vmo2a1RIdz09IiwibWFjIjoiOWJmMmQ2ZDk4OWIyNzUyZGIyM2E5NjdmMzAzZDFmMzY5ZTA4YjAxYjM5OWQwZWI5YmM4YTFjNGNjMTdlZDg0YyIsInRhZyI6IiJ9,"BIS Know Your Standard, 27-09-2026"
IS 8130,,Conductors for insulated electric cables and flexible cords - Specification (Second Revision),Cables,material,Specifies conductors used in insulated electric cables and flexible cords. It covers conductor requirements relevant to cable and cord manufacture.,"cable conductor, flexible cord conductor, copper conductor, aluminium conductor, insulated cable",current,,,https://standards.bis.gov.in/website/standard-details?encryptedId=eyJpdiI6InFSSHMvRXJ2TGdnem9kUktYd2NNMnc9PSIsInZhbHVlIjoiRENSQ2hwczBOT2NSTDhlSHlVUVpTUT09IiwibWFjIjoiNGI2ZTA3ZWI5ZTNhYmNkY2NiOTk1NTI4Njk5ZGQ5ZTJiNzM0YmJkZjM0YmZkNzE2ZjEzNTIzYTZlMTM4MTMyYyIsInRhZyI6IiJ9,"BIS Know Your Standard, 27-09-2026"
IS 5831,,Specification for PVC insulation and sheath of electric cables (First Revision),Cables,material,Specifies PVC insulation and sheath materials used for electric cables. It provides material requirements supporting cable manufacture and qualification.,"PVC insulation, PVC sheath, cable compound, electric cable, insulation material",current,,,https://standards.bis.gov.in/website/standard-details?encryptedId=eyJpdiI6Ik1PcFNJNDBDTzROdmwyUzhXRk9MdHc9PSIsInZhbHVlIjoiZUNnVnRDK01qdUFvTU1wV21IVnBGUT09IiwibWFjIjoiZmRjODExZmFkODIzOGJjZDM3ZDBkODc0ZGQzMzI5Yzk3NjY3NmYzMTlhNTM4MDU0YWJkNTg0YzNkYWRkZmFhZSIsInRhZyI6IiJ9,"BIS Know Your Standard, 27-09-2026"
IS 10810,5,Methods of test for cables: Part 5 conductor resistance test,Cables,test method,Describes the conductor-resistance test used for electric cables. It supports verification of electrical conductor performance.,"cable test, conductor resistance, electrical test, wire resistance, cable inspection",current,,,https://standards.bis.gov.in/website/standard-details?encryptedId=eyJpdiI6Imw5UWI0V0lTWUhzaEFJWWFhN3VDUVE9PSIsInZhbHVlIjoiQWJKYkJwUmxtZmtYTFhTRVN3Z0dMQT09IiwibWFjIjoiMjZiZWU4Y2E2NTM1Yzg4YzY2Yjg5NTBmMDRkNWJiNWMzMjc2MzE5YTAxM2VhYzIwOGQwM2UyNjI1YjA2MWI0MiIsInRhZyI6IiJ9,"BIS Know Your Standard, 27-09-2026"
IS 10810,53,Methods of test for cables: Part 53 flammability test,Cables,test method,Describes the flammability test used for electric cables. It supports assessment of cable behaviour when exposed to a specified flame test.,"cable test, flammability test, flame test, fire performance, cable quality",current,,,https://standards.bis.gov.in/website/standard-details?encryptedId=eyJpdiI6IndzclZHdlJ6dlhrTm15bGVraVQ3SHc9PSIsInZhbHVlIjoiL0RGNEttSnRQdTBVdFNtbVQ0THJjZz09IiwibWFjIjoiNDVjODAzM2QwMTBhNjQwYmJkYzY4ODllY2U4ZmFjYTk3OTZiZTk5MjI2NWRmMTJiMDI1YzQwNTAyZTAzMjNkOSIsInRhZyI6IiJ9,"BIS Know Your Standard, 27-09-2026"
IS 1885,32,Electrotechnical Vocabulary Part 32 Electric Cables ( Second Revision ),Cables,terminology,Provides terminology for electric cables and related electrotechnical concepts. It supports consistent use of cable terms in specifications and testing.,"electric cable terminology, cable vocabulary, electrotechnical terms, cable definitions, standards terminology",current,,,https://standards.bis.gov.in/website/standard-details?encryptedId=eyJpdiI6InlNcnNNVmZXMlJMWDZ1SWFKaDF3L2c9PSIsInZhbHVlIjoiTlY1YUl0Szd5SmN4d2xkeVZ0cTV2dz09IiwibWFjIjoiMmY1YzFjNTcwMjM4YTliMmM1MGVlNWYzNDVlMmUyMjZjMDIyNDAxZGU0ZWFkYzQ0MTY1Yzk1YzRjNzI1MGVhMCIsInRhZyI6IiJ9,"BIS Know Your Standard, 27-09-2026"
IS 6885,1,Metallic Materials - Knoop Hardness Test - Part 1: Test Method (Third Revision),Steel,test method,"Specifies the Knoop hardness test method for metallic materials, covering the indentation technique and the range of test forces used to determine Knoop hardness values.","Knoop hardness test, metallic materials, hardness test method, microhardness, materials testing, steel hardness",current,,,https://www.services.bis.gov.in/php/BIS_2.0/bisconnect/knowyourstandards/Indian_standards/isdetails/NjU3NTQ=,"BIS Know Your Standard, found via web search 27-09-2026 (successor to IS 6885:1973)"
IS 1608,1,Metallic Materials - Tensile Testing - Part 1: Method of Test at Room Temperature (Fifth Revision),Steel,test method,"Specifies the method for tensile testing of metallic materials at room temperature, used to determine mechanical properties such as yield strength, tensile strength and elongation.","tensile test, steel tensile strength, mechanical testing, rebar tensile test, yield strength test, elongation test",current,,,https://services.bis.gov.in/tmp/1734418019.pdf,"BIS official standard PDF (Fifth Revision), found via web search 27-09-2026. Foreword confirms history: originally 1960, revised 1972, 1995, 2005, 2018; this is the fifth revision, split into parts since the 2018 (Fourth Revision) edition. Supersedes IS 1608:2005 (single-document edition)."
